Gent,Audi A8,3
Gent,Ford Mustang,5
Gent,BMW i8,7
Gent,BMW i8 Spyder,1
Gent,Volkswagen Kever Cabrio,2
Gent,Austin Healey 3000 S,6
Antwerpen,Porsche 912,2
Antwerpen,Bentley Continental GTC,9
Antwerpen,Audi A8,7
Antwerpen,BMW i8,4
Antwerpen,Ford Mustang,6
Antwerpen,Mercedes 190 SL,2
Hasselt,Mercedes G63 AMG,5
Hasselt,Volkswagen Kever Cabrio,2
Hasselt,Austin Healey 3000 S,3
Hasselt,BMW i8,4
Hasselt,Porsche 912,7
Hasselt,Audi A8,8
Brussel,BMW i8 Spyder,1
Brussel,Volkswagen Kever Cabrio,4
Brussel,Audi A8,7
Brussel,Ford Mustang,5
Brussel,Packard 120 (chauffeur),9
Charleroi,Porsche 912,2
Charleroi,Bentley Continental GTC,5
Charleroi,Ford Mustang,2
Charleroi,Audi A8,4
Charleroi,BMW i8 Spyder,9
Charleroi,Packard 120 (chauffeur),1